com.samsung.shealth.program.sleep_coaching.mission,6320001,3
create_sh_ver,answer,priority,modify_sh_ver,update_time,create_time,data_version,day_index,mission_id,deviceuuid,pkg_name,is_key_habit,session_id,datauuid,is_done
62600630,null,1,62600630,2024-01-17 13:09:48.364,2024-01-17 13:09:48.364,2,0,HB_01,sLWoup9uSz,com.sec.android.app.shealth,1,fd3f09e9-5025-4eba-a19c-e3d4492fb78d,b6f8f717-6ec5-45d6-9f9d-2c78ec929557,0,
62600630,null,7,62600630,2024-01-18 10:41:10.138,2024-01-17 13:09:48.364,2,0,HB_07,sLWoup9uSz,com.sec.android.app.shealth,1,fd3f09e9-5025-4eba-a19c-e3d4492fb78d,be508dfe-d6e3-43af-84f4-f3179fa1a18a,3,
62600630,null,3,62600630,2024-01-17 13:09:48.364,2024-01-17 13:09:48.364,2,0,HB_03,sLWoup9uSz,com.sec.android.app.shealth,0,fd3f09e9-5025-4eba-a19c-e3d4492fb78d,2c6a4ffe-f146-4d42-a9ab-6e21b899cd0f,0,
62600630,null,5,62600630,2024-01-17 13:09:48.364,2024-01-17 13:09:48.364,2,0,HB_05,sLWoup9uSz,com.sec.android.app.shealth,0,fd3f09e9-5025-4eba-a19c-e3d4492fb78d,42d9396a-aac1-4208-a614-f4c7260893d6,0,
62600630,null,6,62600630,2024-01-17 13:09:48.364,2024-01-17 13:09:48.364,2,0,HB_06,sLWoup9uSz,com.sec.android.app.shealth,0,fd3f09e9-5025-4eba-a19c-e3d4492fb78d,b1a68f31-0cdf-4177-937c-6c2942a94b79,0,
62600630,null,8,62600630,2024-01-17 13:09:48.364,2024-01-17 13:09:48.364,2,0,HB_08,sLWoup9uSz,com.sec.android.app.shealth,0,fd3f09e9-5025-4eba-a19c-e3d4492fb78d,d5270093-0064-41a3-9e17-2aef508ce307,0,
62600630,null,9,62600630,2024-01-17 13:09:48.364,2024-01-17 13:09:48.364,2,0,HB_09,sLWoup9uSz,com.sec.android.app.shealth,0,fd3f09e9-5025-4eba-a19c-e3d4492fb78d,cd6def73-088b-430f-b91a-02dd8679a153,0,
62600630,null,1,62600630,2024-01-17 13:09:48.365,2024-01-17 13:09:48.365,2,1,HB_01,sLWoup9uSz,com.sec.android.app.shealth,1,fd3f09e9-5025-4eba-a19c-e3d4492fb78d,63aa5f32-6a67-427c-bb39-02ca948dedce,0,
62600630,null,7,62900750,2025-01-22 09:40:25.752,2024-01-17 13:09:48.365,2,1,HB_07,sLWoup9uSz,com.sec.android.app.shealth,1,fd3f09e9-5025-4eba-a19c-e3d4492fb78d,65cb703f-15a7-4b37-99e7-28573641c25b,3,
62600630,null,3,62600630,2024-01-17 13:09:48.365,2024-01-17 13:09:48.365,2,1,HB_03,sLWoup9uSz,com.sec.android.app.shealth,0,fd3f09e9-5025-4eba-a19c-e3d4492fb78d,e9ac8b40-9c41-4d62-ba94-5d5a915d995c,0,
62600630,null,5,62600630,2024-01-17 13:09:48.365,2024-01-17 13:09:48.365,2,1,HB_05,sLWoup9uSz,com.sec.android.app.shealth,0,fd3f09e9-5025-4eba-a19c-e3d4492fb78d,d242e86f-3f9f-4598-b389-f491533fe515,0,
62600630,null,6,62600630,2024-01-17 13:09:48.365,2024-01-17 13:09:48.365,2,1,HB_06,sLWoup9uSz,com.sec.android.app.shealth,0,fd3f09e9-5025-4eba-a19c-e3d4492fb78d,2ed21cb6-f048-4efa-b723-81a4172e0627,0,
62600630,null,8,62600630,2024-01-17 13:09:48.365,2024-01-17 13:09:48.365,2,1,HB_08,sLWoup9uSz,com.sec.android.app.shealth,0,fd3f09e9-5025-4eba-a19c-e3d4492fb78d,7fd3cd27-e095-4347-857b-c171e8eb0aef,0,
62600630,null,9,62600630,2024-01-17 13:09:48.365,2024-01-17 13:09:48.365,2,1,HB_09,sLWoup9uSz,com.sec.android.app.shealth,0,fd3f09e9-5025-4eba-a19c-e3d4492fb78d,d97dd684-7468-4fc0-8f27-3d9e6cff6e9d,0,
62600630,null,1,62600630,2024-01-20 01:31:13.306,2024-01-17 13:09:48.365,2,2,HB_01,sLWoup9uSz,com.sec.android.app.shealth,1,fd3f09e9-5025-4eba-a19c-e3d4492fb78d,a037795f-c4de-4df1-8565-3840cd3e1d9d,3,
62600630,null,7,62600630,2024-01-20 10:43:22.059,2024-01-17 13:09:48.365,2,2,HB_07,sLWoup9uSz,com.sec.android.app.shealth,1,fd3f09e9-5025-4eba-a19c-e3d4492fb78d,10ab8137-212d-46bc-b89b-090cf02ba279,3,
62600630,null,3,62600630,2024-01-17 13:09:48.365,2024-01-17 13:09:48.365,2,2,HB_03,sLWoup9uSz,com.sec.android.app.shealth,0,fd3f09e9-5025-4eba-a19c-e3d4492fb78d,02162abf-da9c-4914-8169-8234099611b8,0,
62600630,null,5,62600630,2024-01-17 13:09:48.365,2024-01-17 13:09:48.365,2,2,HB_05,sLWoup9uSz,com.sec.android.app.shealth,0,fd3f09e9-5025-4eba-a19c-e3d4492fb78d,c82a81f3-3e1f-4446-8788-49e055a6b625,0,
62600630,null,6,62600630,2024-01-17 13:09:48.365,2024-01-17 13:09:48.365,2,2,HB_06,sLWoup9uSz,com.sec.android.app.shealth,0,fd3f09e9-5025-4eba-a19c-e3d4492fb78d,063c1d3c-1a9e-4e2d-9a47-3318abcf44ae,0,
62600630,null,8,62600630,2024-01-17 13:09:48.365,2024-01-17 13:09:48.365,2,2,HB_08,sLWoup9uSz,com.sec.android.app.shealth,0,fd3f09e9-5025-4eba-a19c-e3d4492fb78d,6694668a-1eee-4c69-b82c-1de07c23b1d6,0,
62600630,null,9,62600630,2024-01-17 13:09:48.365,2024-01-17 13:09:48.365,2,2,HB_09,sLWoup9uSz,com.sec.android.app.shealth,0,fd3f09e9-5025-4eba-a19c-e3d4492fb78d,82354cc9-b2b0-4548-ba69-2a8a4f059758,0,
62600630,null,1,62600630,2024-01-21 01:32:55.183,2024-01-17 13:09:48.365,2,3,HB_01,sLWoup9uSz,com.sec.android.app.shealth,1,fd3f09e9-5025-4eba-a19c-e3d4492fb78d,4d383073-35d4-4cf4-a35c-33b0fc27be2c,3,
62600630,null,7,62600630,2024-01-17 13:09:48.365,2024-01-17 13:09:48.365,2,3,HB_07,sLWoup9uSz,com.sec.android.app.shealth,1,fd3f09e9-5025-4eba-a19c-e3d4492fb78d,9fe18056-248b-4d86-b660-6f15e9a7548c,0,
62600630,null,3,62600630,2024-01-17 13:09:48.365,2024-01-17 13:09:48.365,2,3,HB_03,sLWoup9uSz,com.sec.android.app.shealth,0,fd3f09e9-5025-4eba-a19c-e3d4492fb78d,129c5df2-e9e9-4a37-a1cc-c442540335a8,0,
62600630,null,5,62600630,2024-01-17 13:09:48.365,2024-01-17 13:09:48.365,2,3,HB_05,sLWoup9uSz,com.sec.android.app.shealth,0,fd3f09e9-5025-4eba-a19c-e3d4492fb78d,872b65af-1cc3-4705-af92-a846879a8a2c,0,
62600630,null,6,62600630,2024-01-17 13:09:48.365,2024-01-17 13:09:48.365,2,3,HB_06,sLWoup9uSz,com.sec.android.app.shealth,0,fd3f09e9-5025-4eba-a19c-e3d4492fb78d,8d94f79b-d7e7-4c8b-8783-7413517788b9,0,
62600630,null,8,62600630,2024-01-17 13:09:48.365,2024-01-17 13:09:48.365,2,3,HB_08,sLWoup9uSz,com.sec.android.app.shealth,0,fd3f09e9-5025-4eba-a19c-e3d4492fb78d,0cec92e1-63f6-41ad-b8a9-31c245d56963,0,
62600630,null,9,62600630,2024-01-17 13:09:48.365,2024-01-17 13:09:48.365,2,3,HB_09,sLWoup9uSz,com.sec.android.app.shealth,0,fd3f09e9-5025-4eba-a19c-e3d4492fb78d,2007d287-ae8b-470c-ab23-7c029f4242fd,0,
62600630,null,1,62600630,2024-01-17 13:09:48.365,2024-01-17 13:09:48.365,2,4,HB_01,sLWoup9uSz,com.sec.android.app.shealth,1,fd3f09e9-5025-4eba-a19c-e3d4492fb78d,13a5d5cb-3334-4d7a-8c31-bf59c17e5263,0,
62600630,null,7,62900750,2025-01-22 09:40:24.930,2024-01-17 13:09:48.366,2,4,HB_07,sLWoup9uSz,com.sec.android.app.shealth,1,fd3f09e9-5025-4eba-a19c-e3d4492fb78d,fde1a41c-1fed-45aa-a666-6fb4e38eb3b1,3,
62600630,null,3,62600630,2024-01-17 13:09:48.366,2024-01-17 13:09:48.366,2,4,HB_03,sLWoup9uSz,com.sec.android.app.shealth,0,fd3f09e9-5025-4eba-a19c-e3d4492fb78d,2b17f3cb-144b-4e34-80d3-18462d8bab82,0,
62600630,null,5,62600630,2024-01-17 13:09:48.366,2024-01-17 13:09:48.366,2,4,HB_05,sLWoup9uSz,com.sec.android.app.shealth,0,fd3f09e9-5025-4eba-a19c-e3d4492fb78d,7d6edf79-c449-4f18-943c-e0b62f2b261c,0,
62600630,null,6,62600630,2024-01-17 13:09:48.366,2024-01-17 13:09:48.366,2,4,HB_06,sLWoup9uSz,com.sec.android.app.shealth,0,fd3f09e9-5025-4eba-a19c-e3d4492fb78d,6577b550-30bc-461d-a9db-8d81ac6a0882,0,
62600630,null,8,62600630,2024-01-17 13:09:48.366,2024-01-17 13:09:48.366,2,4,HB_08,sLWoup9uSz,com.sec.android.app.shealth,0,fd3f09e9-5025-4eba-a19c-e3d4492fb78d,146b9e6d-ff6d-4f19-ac3d-f91d310fa8d9,0,
62600630,null,9,62600630,2024-01-17 13:09:48.366,2024-01-17 13:09:48.366,2,4,HB_09,sLWoup9uSz,com.sec.android.app.shealth,0,fd3f09e9-5025-4eba-a19c-e3d4492fb78d,cb94e351-5064-43cc-b947-e96a22669cfa,0,
62600630,null,1,62600630,2024-01-17 13:09:48.366,2024-01-17 13:09:48.366,2,5,HB_01,sLWoup9uSz,com.sec.android.app.shealth,1,fd3f09e9-5025-4eba-a19c-e3d4492fb78d,d6f606a3-2583-4c2c-b20a-01ba9a7cc9f7,0,
62600630,null,7,62600630,2024-01-17 13:09:48.366,2024-01-17 13:09:48.366,2,5,HB_07,sLWoup9uSz,com.sec.android.app.shealth,1,fd3f09e9-5025-4eba-a19c-e3d4492fb78d,5957e818-5cd4-4958-a707-5d35d83cfd93,0,
62600630,null,3,62600630,2024-01-17 13:09:48.366,2024-01-17 13:09:48.366,2,5,HB_03,sLWoup9uSz,com.sec.android.app.shealth,0,fd3f09e9-5025-4eba-a19c-e3d4492fb78d,97f66f32-9656-4aeb-bee1-efb7ce6f23fc,0,
62600630,null,5,62600630,2024-01-17 13:09:48.366,2024-01-17 13:09:48.366,2,5,HB_05,sLWoup9uSz,com.sec.android.app.shealth,0,fd3f09e9-5025-4eba-a19c-e3d4492fb78d,7404188c-1e96-4168-9b0b-48964ed56984,0,
62600630,null,6,62600630,2024-01-17 13:09:48.366,2024-01-17 13:09:48.366,2,5,HB_06,sLWoup9uSz,com.sec.android.app.shealth,0,fd3f09e9-5025-4eba-a19c-e3d4492fb78d,d8c2cb01-9f97-4b25-960d-597126268602,0,
62600630,null,8,62600630,2024-01-17 13:09:48.366,2024-01-17 13:09:48.366,2,5,HB_08,sLWoup9uSz,com.sec.android.app.shealth,0,fd3f09e9-5025-4eba-a19c-e3d4492fb78d,3ed82f17-1d60-4030-bed0-3e13b56710b6,0,
62600630,null,9,62600630,2024-01-17 13:09:48.366,2024-01-17 13:09:48.366,2,5,HB_09,sLWoup9uSz,com.sec.android.app.shealth,0,fd3f09e9-5025-4eba-a19c-e3d4492fb78d,e85a1823-cf43-48ab-8d95-cb722850a9ea,0,
62600630,null,1,62600630,2024-01-17 13:09:48.366,2024-01-17 13:09:48.366,2,6,HB_01,sLWoup9uSz,com.sec.android.app.shealth,1,fd3f09e9-5025-4eba-a19c-e3d4492fb78d,47eff6fa-9b6f-4f9e-be31-0220c7dc807e,0,
62600630,null,7,62900750,2025-01-22 09:40:24.136,2024-01-17 13:09:48.366,2,6,HB_07,sLWoup9uSz,com.sec.android.app.shealth,1,fd3f09e9-5025-4eba-a19c-e3d4492fb78d,7c537e5f-fbde-4984-9ff8-09978bd115e5,3,
62600630,null,3,62600630,2024-01-17 13:09:48.366,2024-01-17 13:09:48.366,2,6,HB_03,sLWoup9uSz,com.sec.android.app.shealth,0,fd3f09e9-5025-4eba-a19c-e3d4492fb78d,63650a0b-4ecf-4e62-bd4b-29826f6ce62e,0,
62600630,null,5,62600630,2024-01-17 13:09:48.366,2024-01-17 13:09:48.366,2,6,HB_05,sLWoup9uSz,com.sec.android.app.shealth,0,fd3f09e9-5025-4eba-a19c-e3d4492fb78d,9f27a7a0-c093-4195-b787-17a53330c50e,0,
62600630,null,6,62600630,2024-01-17 13:09:48.366,2024-01-17 13:09:48.366,2,6,HB_06,sLWoup9uSz,com.sec.android.app.shealth,0,fd3f09e9-5025-4eba-a19c-e3d4492fb78d,42eea94e-d193-475b-8eeb-19957ae421cc,0,
62600630,null,8,62600630,2024-01-17 13:09:48.366,2024-01-17 13:09:48.366,2,6,HB_08,sLWoup9uSz,com.sec.android.app.shealth,0,fd3f09e9-5025-4eba-a19c-e3d4492fb78d,81da2d97-8885-49aa-a4e5-550999bc5188,0,
62600630,null,9,62600630,2024-01-17 13:09:48.366,2024-01-17 13:09:48.366,2,6,HB_09,sLWoup9uSz,com.sec.android.app.shealth,0,fd3f09e9-5025-4eba-a19c-e3d4492fb78d,f5fa07d6-33b6-4047-8da8-f6def5e59b3f,0,
62600630,null,1,62600630,2024-01-17 13:09:48.366,2024-01-17 13:09:48.366,2,7,HB_01,sLWoup9uSz,com.sec.android.app.shealth,1,fd3f09e9-5025-4eba-a19c-e3d4492fb78d,44ffa73d-8375-4082-bfbe-1d5200caa27a,0,
62600630,null,7,62900750,2025-01-22 09:40:23.724,2024-01-17 13:09:48.366,2,7,HB_07,sLWoup9uSz,com.sec.android.app.shealth,1,fd3f09e9-5025-4eba-a19c-e3d4492fb78d,c4c6a68b-5dbf-498f-95f6-09de1494fdc7,3,
62600630,null,3,62600630,2024-01-17 13:09:48.367,2024-01-17 13:09:48.367,2,7,HB_03,sLWoup9uSz,com.sec.android.app.shealth,0,fd3f09e9-5025-4eba-a19c-e3d4492fb78d,02264bfb-05d4-41b2-a886-7c053f497fd8,0,
62600630,null,5,62600630,2024-01-17 13:09:48.367,2024-01-17 13:09:48.367,2,7,HB_05,sLWoup9uSz,com.sec.android.app.shealth,0,fd3f09e9-5025-4eba-a19c-e3d4492fb78d,79dac380-5efc-4474-8a5a-6b5daa292a2e,0,
62600630,null,6,62600630,2024-01-17 13:09:48.367,2024-01-17 13:09:48.367,2,7,HB_06,sLWoup9uSz,com.sec.android.app.shealth,0,fd3f09e9-5025-4eba-a19c-e3d4492fb78d,3cf0afda-e910-45dd-be0a-94d4763b5039,0,
62600630,null,8,62600630,2024-01-17 13:09:48.367,2024-01-17 13:09:48.367,2,7,HB_08,sLWoup9uSz,com.sec.android.app.shealth,0,fd3f09e9-5025-4eba-a19c-e3d4492fb78d,a46c3cdc-a821-4980-9923-c60a49ac5eda,0,
62600630,null,9,62600630,2024-01-17 13:09:48.367,2024-01-17 13:09:48.367,2,7,HB_09,sLWoup9uSz,com.sec.android.app.shealth,0,fd3f09e9-5025-4eba-a19c-e3d4492fb78d,44a9448e-ac29-46d5-afd2-fdac7d79967f,0,
62600630,null,1,62600630,2024-01-17 13:09:48.367,2024-01-17 13:09:48.367,2,8,HB_01,sLWoup9uSz,com.sec.android.app.shealth,1,fd3f09e9-5025-4eba-a19c-e3d4492fb78d,ee0a3b39-fc1a-45c0-958f-0ec7693e1c26,0,
62600630,null,7,62600630,2024-01-17 13:09:48.367,2024-01-17 13:09:48.367,2,8,HB_07,sLWoup9uSz,com.sec.android.app.shealth,1,fd3f09e9-5025-4eba-a19c-e3d4492fb78d,8a06e15d-1179-4bcc-a692-df263f284ad4,0,
62600630,null,3,62600630,2024-01-17 13:09:48.367,2024-01-17 13:09:48.367,2,8,HB_03,sLWoup9uSz,com.sec.android.app.shealth,0,fd3f09e9-5025-4eba-a19c-e3d4492fb78d,cfddb239-812a-47de-b26d-7f218f4c5e0a,0,
62600630,null,5,62600630,2024-01-17 13:09:48.367,2024-01-17 13:09:48.367,2,8,HB_05,sLWoup9uSz,com.sec.android.app.shealth,0,fd3f09e9-5025-4eba-a19c-e3d4492fb78d,9bbe7355-c481-4979-85e8-8e2ea18c7f33,0,
62600630,null,6,62600630,2024-01-17 13:09:48.367,2024-01-17 13:09:48.367,2,8,HB_06,sLWoup9uSz,com.sec.android.app.shealth,0,fd3f09e9-5025-4eba-a19c-e3d4492fb78d,2fd44aad-4840-4844-9559-098ef5f0d051,0,
62600630,null,8,62600630,2024-01-17 13:09:48.367,2024-01-17 13:09:48.367,2,8,HB_08,sLWoup9uSz,com.sec.android.app.shealth,0,fd3f09e9-5025-4eba-a19c-e3d4492fb78d,da62bc85-0abe-406a-9a43-c3d3a6d9e3c8,0,
62600630,null,9,62600630,2024-01-17 13:09:48.367,2024-01-17 13:09:48.367,2,8,HB_09,sLWoup9uSz,com.sec.android.app.shealth,0,fd3f09e9-5025-4eba-a19c-e3d4492fb78d,1fb1a5cb-1d31-4f65-8100-294e723f4563,0,
62600630,null,1,62600630,2024-01-17 13:09:48.367,2024-01-17 13:09:48.367,2,9,HB_01,sLWoup9uSz,com.sec.android.app.shealth,1,fd3f09e9-5025-4eba-a19c-e3d4492fb78d,cf0f7eb7-1515-4a8e-a94c-b41f327c66ae,0,
62600630,null,7,62900750,2025-01-22 09:40:22.949,2024-01-17 13:09:48.367,2,9,HB_07,sLWoup9uSz,com.sec.android.app.shealth,1,fd3f09e9-5025-4eba-a19c-e3d4492fb78d,7456a193-3e4c-46fd-aae3-147f7a318f9a,3,
62600630,null,3,62600630,2024-01-17 13:09:48.367,2024-01-17 13:09:48.367,2,9,HB_03,sLWoup9uSz,com.sec.android.app.shealth,0,fd3f09e9-5025-4eba-a19c-e3d4492fb78d,6490e456-7e8e-4f0b-b619-dcd3157c088b,0,
62600630,null,5,62600630,2024-01-17 13:09:48.367,2024-01-17 13:09:48.367,2,9,HB_05,sLWoup9uSz,com.sec.android.app.shealth,0,fd3f09e9-5025-4eba-a19c-e3d4492fb78d,8f689b61-51ab-49f6-a022-0d488613a14d,0,
62600630,null,6,62600630,2024-01-17 13:09:48.367,2024-01-17 13:09:48.367,2,9,HB_06,sLWoup9uSz,com.sec.android.app.shealth,0,fd3f09e9-5025-4eba-a19c-e3d4492fb78d,87d4748a-7f90-4f81-afd0-e261518d80c7,0,
62600630,null,8,62600630,2024-01-17 13:09:48.367,2024-01-17 13:09:48.367,2,9,HB_08,sLWoup9uSz,com.sec.android.app.shealth,0,fd3f09e9-5025-4eba-a19c-e3d4492fb78d,49d572d8-0c56-4538-be7e-0e6601638786,0,
62600630,null,9,62600630,2024-01-17 13:09:48.367,2024-01-17 13:09:48.367,2,9,HB_09,sLWoup9uSz,com.sec.android.app.shealth,0,fd3f09e9-5025-4eba-a19c-e3d4492fb78d,60119471-b1df-48fe-b71b-a1ce6c527876,0,
62600630,null,1,62610110,2024-01-28 05:37:32.343,2024-01-17 13:09:48.367,2,10,HB_01,sLWoup9uSz,com.sec.android.app.shealth,1,fd3f09e9-5025-4eba-a19c-e3d4492fb78d,716e81ca-1ddb-4a3d-8ae1-f77f232259c4,1,
62600630,null,7,62610110,2024-01-28 05:37:37.496,2024-01-17 13:09:48.367,2,10,HB_07,sLWoup9uSz,com.sec.android.app.shealth,1,fd3f09e9-5025-4eba-a19c-e3d4492fb78d,2de06122-5a84-4d7a-b71b-641037974d88,1,
62600630,null,3,62610110,2024-01-28 05:37:39.573,2024-01-17 13:09:48.367,2,10,HB_03,sLWoup9uSz,com.sec.android.app.shealth,0,fd3f09e9-5025-4eba-a19c-e3d4492fb78d,6b585259-eea8-46c7-9f45-570ec359f13f,1,
62600630,null,5,62610110,2024-01-28 05:37:40.005,2024-01-17 13:09:48.367,2,10,HB_05,sLWoup9uSz,com.sec.android.app.shealth,0,fd3f09e9-5025-4eba-a19c-e3d4492fb78d,4b323da3-e20c-4db7-afcd-6de7833fa21f,1,
62600630,null,6,62610110,2024-01-28 05:37:42.181,2024-01-17 13:09:48.368,2,10,HB_06,sLWoup9uSz,com.sec.android.app.shealth,0,fd3f09e9-5025-4eba-a19c-e3d4492fb78d,838a308e-c347-4438-ab99-b1c5f889a926,1,
62600630,null,8,62600630,2024-01-17 13:09:48.368,2024-01-17 13:09:48.368,2,10,HB_08,sLWoup9uSz,com.sec.android.app.shealth,0,fd3f09e9-5025-4eba-a19c-e3d4492fb78d,e013b719-49b4-40c2-8e9a-0f4d6c26967c,0,
62600630,null,9,62600630,2024-01-17 13:09:48.368,2024-01-17 13:09:48.368,2,10,HB_09,sLWoup9uSz,com.sec.android.app.shealth,0,fd3f09e9-5025-4eba-a19c-e3d4492fb78d,01d8eb3f-a19d-48d2-9188-224619e487cc,0,
62600630,null,1,62600630,2024-01-17 13:09:48.368,2024-01-17 13:09:48.368,2,11,HB_01,sLWoup9uSz,com.sec.android.app.shealth,1,fd3f09e9-5025-4eba-a19c-e3d4492fb78d,a2ed70f0-e4c3-416d-a1cb-32f8a302177f,0,
62600630,null,7,62600630,2024-01-17 13:09:48.368,2024-01-17 13:09:48.368,2,11,HB_07,sLWoup9uSz,com.sec.android.app.shealth,1,fd3f09e9-5025-4eba-a19c-e3d4492fb78d,34f42ee7-9e24-4d08-9841-8d42d724c955,0,
62600630,null,3,62600630,2024-01-17 13:09:48.368,2024-01-17 13:09:48.368,2,11,HB_03,sLWoup9uSz,com.sec.android.app.shealth,0,fd3f09e9-5025-4eba-a19c-e3d4492fb78d,f0f5784f-d91d-49bc-8f18-b0537e309c72,0,
62600630,null,5,62600630,2024-01-17 13:09:48.368,2024-01-17 13:09:48.368,2,11,HB_05,sLWoup9uSz,com.sec.android.app.shealth,0,fd3f09e9-5025-4eba-a19c-e3d4492fb78d,e22785f8-f679-480e-9e08-57dea33e6b2d,0,
62600630,null,6,62600630,2024-01-17 13:09:48.368,2024-01-17 13:09:48.368,2,11,HB_06,sLWoup9uSz,com.sec.android.app.shealth,0,fd3f09e9-5025-4eba-a19c-e3d4492fb78d,402d4902-5ada-4da8-8b9c-c8c3ea1f558e,0,
62600630,null,8,62600630,2024-01-17 13:09:48.368,2024-01-17 13:09:48.368,2,11,HB_08,sLWoup9uSz,com.sec.android.app.shealth,0,fd3f09e9-5025-4eba-a19c-e3d4492fb78d,785ef95c-fa14-4c26-abce-198ca1dafb90,0,
62600630,null,9,62600630,2024-01-17 13:09:48.368,2024-01-17 13:09:48.368,2,11,HB_09,sLWoup9uSz,com.sec.android.app.shealth,0,fd3f09e9-5025-4eba-a19c-e3d4492fb78d,019af700-2bd2-41a7-817a-9bb17c29ac92,0,
62600630,null,1,62600630,2024-01-17 13:09:48.368,2024-01-17 13:09:48.368,2,12,HB_01,sLWoup9uSz,com.sec.android.app.shealth,1,fd3f09e9-5025-4eba-a19c-e3d4492fb78d,d0e10e0a-97f7-46f8-ad5b-de596bd5a5e4,0,
62600630,null,7,62900750,2025-01-22 09:40:22.115,2024-01-17 13:09:48.368,2,12,HB_07,sLWoup9uSz,com.sec.android.app.shealth,1,fd3f09e9-5025-4eba-a19c-e3d4492fb78d,b6e2aa1e-3e36-4967-a105-68a8b6d79057,3,
62600630,null,3,62600630,2024-01-17 13:09:48.368,2024-01-17 13:09:48.368,2,12,HB_03,sLWoup9uSz,com.sec.android.app.shealth,0,fd3f09e9-5025-4eba-a19c-e3d4492fb78d,77cf676c-5972-42a4-ab11-7126a00bd453,0,
62600630,null,5,62600630,2024-01-17 13:09:48.368,2024-01-17 13:09:48.368,2,12,HB_05,sLWoup9uSz,com.sec.android.app.shealth,0,fd3f09e9-5025-4eba-a19c-e3d4492fb78d,30d24cdd-8faf-42ab-89e2-48ae0a2536e5,0,
62600630,null,6,62600630,2024-01-17 13:09:48.368,2024-01-17 13:09:48.368,2,12,HB_06,sLWoup9uSz,com.sec.android.app.shealth,0,fd3f09e9-5025-4eba-a19c-e3d4492fb78d,235dcf7c-270a-430b-beef-07857c0e61c3,0,
62600630,null,8,62600630,2024-01-17 13:09:48.368,2024-01-17 13:09:48.368,2,12,HB_08,sLWoup9uSz,com.sec.android.app.shealth,0,fd3f09e9-5025-4eba-a19c-e3d4492fb78d,bddc8e6b-8ffb-4a5e-ada7-63ac7144d713,0,
62600630,null,9,62600630,2024-01-17 13:09:48.368,2024-01-17 13:09:48.368,2,12,HB_09,sLWoup9uSz,com.sec.android.app.shealth,0,fd3f09e9-5025-4eba-a19c-e3d4492fb78d,b72b6d30-bf74-4359-827e-3666549f6dba,0,
62600630,null,1,62600630,2024-01-17 13:09:48.368,2024-01-17 13:09:48.368,2,13,HB_01,sLWoup9uSz,com.sec.android.app.shealth,1,fd3f09e9-5025-4eba-a19c-e3d4492fb78d,6d69ed84-13bb-4833-a449-22fcc8d44d4d,0,
62600630,null,7,62600630,2024-01-17 13:09:48.368,2024-01-17 13:09:48.368,2,13,HB_07,sLWoup9uSz,com.sec.android.app.shealth,1,fd3f09e9-5025-4eba-a19c-e3d4492fb78d,75c2ab5a-88ce-4458-b1d4-a9a4cdc3329d,0,
62600630,null,3,62600630,2024-01-17 13:09:48.368,2024-01-17 13:09:48.368,2,13,HB_03,sLWoup9uSz,com.sec.android.app.shealth,0,fd3f09e9-5025-4eba-a19c-e3d4492fb78d,756158ee-1f53-4511-9644-0fb10cd4ec06,0,
62600630,null,5,62600630,2024-01-17 13:09:48.368,2024-01-17 13:09:48.368,2,13,HB_05,sLWoup9uSz,com.sec.android.app.shealth,0,fd3f09e9-5025-4eba-a19c-e3d4492fb78d,f3e5bd1a-de41-42d8-8c83-0352cbd1cb31,0,
62600630,null,6,62600630,2024-01-17 13:09:48.369,2024-01-17 13:09:48.369,2,13,HB_06,sLWoup9uSz,com.sec.android.app.shealth,0,fd3f09e9-5025-4eba-a19c-e3d4492fb78d,f24ee6be-6537-4eb7-ba15-6a923901a6e0,0,
62600630,null,8,62600630,2024-01-17 13:09:48.369,2024-01-17 13:09:48.369,2,13,HB_08,sLWoup9uSz,com.sec.android.app.shealth,0,fd3f09e9-5025-4eba-a19c-e3d4492fb78d,13c97673-1f6c-4e25-b73e-5d9204e03858,0,
62600630,null,9,62600630,2024-01-17 13:09:48.369,2024-01-17 13:09:48.369,2,13,HB_09,sLWoup9uSz,com.sec.android.app.shealth,0,fd3f09e9-5025-4eba-a19c-e3d4492fb78d,7f4d25fd-70b8-4168-9262-3c4a848a72f2,0,
62600630,null,1,62600630,2024-01-17 13:09:48.369,2024-01-17 13:09:48.369,2,14,HB_01,sLWoup9uSz,com.sec.android.app.shealth,1,fd3f09e9-5025-4eba-a19c-e3d4492fb78d,781fca7b-0630-442b-9732-1cbc6768bc03,0,
62600630,null,7,62600630,2024-01-17 13:09:48.369,2024-01-17 13:09:48.369,2,14,HB_07,sLWoup9uSz,com.sec.android.app.shealth,1,fd3f09e9-5025-4eba-a19c-e3d4492fb78d,37c172bd-f9db-4fc2-bb4c-0054445969a1,0,
62600630,null,3,62600630,2024-01-17 13:09:48.369,2024-01-17 13:09:48.369,2,14,HB_03,sLWoup9uSz,com.sec.android.app.shealth,0,fd3f09e9-5025-4eba-a19c-e3d4492fb78d,a271189f-46be-4e2a-8c08-078122939197,0,
62600630,null,5,62600630,2024-01-17 13:09:48.369,2024-01-17 13:09:48.369,2,14,HB_05,sLWoup9uSz,com.sec.android.app.shealth,0,fd3f09e9-5025-4eba-a19c-e3d4492fb78d,5f8dd66f-a156-4201-ad36-efe45ffd3aeb,0,
62600630,null,6,62600630,2024-01-17 13:09:48.369,2024-01-17 13:09:48.369,2,14,HB_06,sLWoup9uSz,com.sec.android.app.shealth,0,fd3f09e9-5025-4eba-a19c-e3d4492fb78d,747aaa61-edc3-462e-a268-8c277495608b,0,
62600630,null,8,62600630,2024-01-17 13:09:48.369,2024-01-17 13:09:48.369,2,14,HB_08,sLWoup9uSz,com.sec.android.app.shealth,0,fd3f09e9-5025-4eba-a19c-e3d4492fb78d,e6b4f7ac-6d81-4775-9da8-ebc2596e84fd,0,
62600630,null,9,62600630,2024-01-17 13:09:48.369,2024-01-17 13:09:48.369,2,14,HB_09,sLWoup9uSz,com.sec.android.app.shealth,0,fd3f09e9-5025-4eba-a19c-e3d4492fb78d,9a634f49-df03-4640-bda1-0f518dd3f1aa,0,
62600630,null,1,62600630,2024-01-17 13:09:48.369,2024-01-17 13:09:48.369,2,15,HB_01,sLWoup9uSz,com.sec.android.app.shealth,1,fd3f09e9-5025-4eba-a19c-e3d4492fb78d,e3bff043-a295-43ed-807e-cdaad14b1f45,0,
62600630,null,7,62600630,2024-01-17 13:09:48.370,2024-01-17 13:09:48.370,2,15,HB_07,sLWoup9uSz,com.sec.android.app.shealth,1,fd3f09e9-5025-4eba-a19c-e3d4492fb78d,9d1b200e-8eb5-496a-9ae2-c6dc9d9e0393,0,
62600630,null,3,62600630,2024-01-17 13:09:48.370,2024-01-17 13:09:48.370,2,15,HB_03,sLWoup9uSz,com.sec.android.app.shealth,0,fd3f09e9-5025-4eba-a19c-e3d4492fb78d,42316de3-3c10-426f-9517-29fcac64f020,0,
62600630,null,5,62600630,2024-01-17 13:09:48.370,2024-01-17 13:09:48.370,2,15,HB_05,sLWoup9uSz,com.sec.android.app.shealth,0,fd3f09e9-5025-4eba-a19c-e3d4492fb78d,2e1cca33-fbbb-49e8-93d5-a3e6ce37d388,0,
62600630,null,6,62600630,2024-01-17 13:09:48.370,2024-01-17 13:09:48.370,2,15,HB_06,sLWoup9uSz,com.sec.android.app.shealth,0,fd3f09e9-5025-4eba-a19c-e3d4492fb78d,4cace989-32d9-45db-8d10-8dfa04d1944e,0,
62600630,null,8,62600630,2024-01-17 13:09:48.370,2024-01-17 13:09:48.370,2,15,HB_08,sLWoup9uSz,com.sec.android.app.shealth,0,fd3f09e9-5025-4eba-a19c-e3d4492fb78d,691c4763-3730-4d7b-8dd1-9cd5c27e1ce2,0,
62600630,null,9,62600630,2024-01-17 13:09:48.370,2024-01-17 13:09:48.370,2,15,HB_09,sLWoup9uSz,com.sec.android.app.shealth,0,fd3f09e9-5025-4eba-a19c-e3d4492fb78d,01e194d5-277e-482d-9fd1-5501e24820e4,0,
62600630,null,1,62610110,2024-02-03 04:41:39.227,2024-01-17 13:09:48.370,2,16,HB_01,sLWoup9uSz,com.sec.android.app.shealth,1,fd3f09e9-5025-4eba-a19c-e3d4492fb78d,b3698b03-b88a-4ad5-b101-f9380cf31ab4,1,
62600630,null,7,62610110,2024-02-03 04:41:41.213,2024-01-17 13:09:48.370,2,16,HB_07,sLWoup9uSz,com.sec.android.app.shealth,1,fd3f09e9-5025-4eba-a19c-e3d4492fb78d,d863ef26-f12f-493f-b989-cd8650bc5df6,1,
62600630,null,3,62610110,2024-02-03 04:42:56.409,2024-01-17 13:09:48.370,2,16,HB_03,sLWoup9uSz,com.sec.android.app.shealth,0,fd3f09e9-5025-4eba-a19c-e3d4492fb78d,b1419904-93f5-48e5-90c3-444ade428bcf,1,
62600630,null,5,62610110,2024-02-03 04:43:22.187,2024-01-17 13:09:48.370,2,16,HB_05,sLWoup9uSz,com.sec.android.app.shealth,0,fd3f09e9-5025-4eba-a19c-e3d4492fb78d,fb79a5a8-2fde-4794-a3bc-49bb86899372,1,
62600630,null,6,62610110,2024-02-03 04:43:09.567,2024-01-17 13:09:48.370,2,16,HB_06,sLWoup9uSz,com.sec.android.app.shealth,0,fd3f09e9-5025-4eba-a19c-e3d4492fb78d,4300d3cc-246c-4a2e-a449-d3b686eb6f17,1,
62600630,null,8,62610110,2024-02-03 04:43:04.731,2024-01-17 13:09:48.370,2,16,HB_08,sLWoup9uSz,com.sec.android.app.shealth,0,fd3f09e9-5025-4eba-a19c-e3d4492fb78d,6e123560-629c-4928-8449-55b81016edb9,1,
62600630,null,9,62610110,2024-02-03 04:43:06.515,2024-01-17 13:09:48.370,2,16,HB_09,sLWoup9uSz,com.sec.android.app.shealth,0,fd3f09e9-5025-4eba-a19c-e3d4492fb78d,a01ae228-99a0-4fc4-9de4-5474bd680de9,1,
62600630,null,1,62610110,2024-02-04 01:24:26.006,2024-01-17 13:09:48.370,2,17,HB_01,sLWoup9uSz,com.sec.android.app.shealth,1,fd3f09e9-5025-4eba-a19c-e3d4492fb78d,f8796298-e185-46e1-ae78-49d11ec86029,3,
62600630,null,7,62600630,2024-01-17 13:09:48.370,2024-01-17 13:09:48.370,2,17,HB_07,sLWoup9uSz,com.sec.android.app.shealth,1,fd3f09e9-5025-4eba-a19c-e3d4492fb78d,c504bf09-eef8-46cd-a25b-c3bf19aa764c,0,
62600630,null,3,62600630,2024-01-17 13:09:48.370,2024-01-17 13:09:48.370,2,17,HB_03,sLWoup9uSz,com.sec.android.app.shealth,0,fd3f09e9-5025-4eba-a19c-e3d4492fb78d,3cd86609-62f7-4e28-b5e0-a4a516393d0e,0,
62600630,null,5,62600630,2024-01-17 13:09:48.370,2024-01-17 13:09:48.370,2,17,HB_05,sLWoup9uSz,com.sec.android.app.shealth,0,fd3f09e9-5025-4eba-a19c-e3d4492fb78d,cdf631b8-150a-45bf-a190-465ab7fff017,0,
62600630,null,6,62600630,2024-01-17 13:09:48.370,2024-01-17 13:09:48.370,2,17,HB_06,sLWoup9uSz,com.sec.android.app.shealth,0,fd3f09e9-5025-4eba-a19c-e3d4492fb78d,a74053f3-0387-40a2-8b27-08be6bfe7d3b,0,
62600630,null,8,62600630,2024-01-17 13:09:48.370,2024-01-17 13:09:48.370,2,17,HB_08,sLWoup9uSz,com.sec.android.app.shealth,0,fd3f09e9-5025-4eba-a19c-e3d4492fb78d,c7865fa3-b97f-492f-9dfb-274558664ac7,0,
62600630,null,9,62600630,2024-01-17 13:09:48.370,2024-01-17 13:09:48.370,2,17,HB_09,sLWoup9uSz,com.sec.android.app.shealth,0,fd3f09e9-5025-4eba-a19c-e3d4492fb78d,432dcdbc-22fb-4ec8-b69c-133234fd9d2f,0,
62600630,null,1,62610110,2024-02-05 06:50:38.222,2024-01-17 13:09:48.370,2,18,HB_01,sLWoup9uSz,com.sec.android.app.shealth,1,fd3f09e9-5025-4eba-a19c-e3d4492fb78d,1ad2e35f-5d02-45aa-ba13-6892bee50920,3,
62600630,null,7,62610110,2024-02-07 04:21:46.482,2024-01-17 13:09:48.370,2,18,HB_07,sLWoup9uSz,com.sec.android.app.shealth,1,fd3f09e9-5025-4eba-a19c-e3d4492fb78d,fbb81a3a-7cdd-4a9d-92a1-36726e190937,1,
62600630,null,3,62610110,2024-02-07 04:21:48.099,2024-01-17 13:09:48.370,2,18,HB_03,sLWoup9uSz,com.sec.android.app.shealth,0,fd3f09e9-5025-4eba-a19c-e3d4492fb78d,289f9f0f-2a93-423a-ae58-91fb220c9f63,1,
62600630,null,5,62610110,2024-02-07 04:21:49.483,2024-01-17 13:09:48.370,2,18,HB_05,sLWoup9uSz,com.sec.android.app.shealth,0,fd3f09e9-5025-4eba-a19c-e3d4492fb78d,ed276f31-6fb1-44e4-9c4f-62265dfae319,1,
62600630,null,6,62610110,2024-02-07 04:21:55.148,2024-01-17 13:09:48.370,2,18,HB_06,sLWoup9uSz,com.sec.android.app.shealth,0,fd3f09e9-5025-4eba-a19c-e3d4492fb78d,0617f1e2-78ca-493c-a5ae-deadd4978429,1,
62600630,null,8,62610110,2024-02-07 04:21:56.474,2024-01-17 13:09:48.370,2,18,HB_08,sLWoup9uSz,com.sec.android.app.shealth,0,fd3f09e9-5025-4eba-a19c-e3d4492fb78d,4a45b7ee-1740-4ba4-82b8-7eff4a7ecf19,2,
62600630,null,9,62600630,2024-01-17 13:09:48.370,2024-01-17 13:09:48.370,2,18,HB_09,sLWoup9uSz,com.sec.android.app.shealth,0,fd3f09e9-5025-4eba-a19c-e3d4492fb78d,bf9fef97-5602-4273-ba4b-23495817b745,0,
62600630,null,1,62610110,2024-02-05 22:05:14.741,2024-01-17 13:09:48.370,2,19,HB_01,sLWoup9uSz,com.sec.android.app.shealth,1,fd3f09e9-5025-4eba-a19c-e3d4492fb78d,fa62983a-0d04-4fc7-9b4b-9c263993053f,3,
62600630,null,7,62610110,2024-02-07 04:22:07.529,2024-01-17 13:09:48.371,2,19,HB_07,sLWoup9uSz,com.sec.android.app.shealth,1,fd3f09e9-5025-4eba-a19c-e3d4492fb78d,9030b21d-84ac-4e67-91ff-3564fe239a8e,1,
62600630,null,3,62610110,2024-02-07 04:22:08.720,2024-01-17 13:09:48.371,2,19,HB_03,sLWoup9uSz,com.sec.android.app.shealth,0,fd3f09e9-5025-4eba-a19c-e3d4492fb78d,85acebfa-1a4b-4242-8dc5-dd7019bd5c7b,1,
62600630,null,5,62600630,2024-01-17 13:09:48.371,2024-01-17 13:09:48.371,2,19,HB_05,sLWoup9uSz,com.sec.android.app.shealth,0,fd3f09e9-5025-4eba-a19c-e3d4492fb78d,2a440981-e956-4aa1-9714-57dcb584748e,0,
62600630,null,6,62610110,2024-02-07 04:22:18.165,2024-01-17 13:09:48.371,2,19,HB_06,sLWoup9uSz,com.sec.android.app.shealth,0,fd3f09e9-5025-4eba-a19c-e3d4492fb78d,4d497ae3-c1e8-4135-b02c-30b3aa89762e,1,
62600630,null,8,62610110,2024-02-07 04:22:18.833,2024-01-17 13:09:48.371,2,19,HB_08,sLWoup9uSz,com.sec.android.app.shealth,0,fd3f09e9-5025-4eba-a19c-e3d4492fb78d,a1ad7b56-a9c5-4481-9444-947dc1fa82cf,1,
62600630,null,9,62610110,2024-02-07 04:22:28.911,2024-01-17 13:09:48.371,2,19,HB_09,sLWoup9uSz,com.sec.android.app.shealth,0,fd3f09e9-5025-4eba-a19c-e3d4492fb78d,3e9cff24-becc-4ccc-b27e-d221172beca2,2,
62600630,null,1,62610110,2024-02-07 04:17:47.778,2024-01-17 13:09:48.371,2,20,HB_01,sLWoup9uSz,com.sec.android.app.shealth,1,fd3f09e9-5025-4eba-a19c-e3d4492fb78d,a689be09-57a8-4599-9738-7aaba59aa62b,1,
62600630,null,7,62610110,2024-02-07 04:22:32.840,2024-01-17 13:09:48.371,2,20,HB_07,sLWoup9uSz,com.sec.android.app.shealth,1,fd3f09e9-5025-4eba-a19c-e3d4492fb78d,1e043af1-81d2-4bba-a22f-48f0878aae6f,1,
62600630,null,3,62610110,2024-02-07 04:22:34.884,2024-01-17 13:09:48.371,2,20,HB_03,sLWoup9uSz,com.sec.android.app.shealth,0,fd3f09e9-5025-4eba-a19c-e3d4492fb78d,01e65540-897c-4c20-b94c-b6a1d606f2ef,1,
62600630,null,5,62600630,2024-01-17 13:09:48.371,2024-01-17 13:09:48.371,2,20,HB_05,sLWoup9uSz,com.sec.android.app.shealth,0,fd3f09e9-5025-4eba-a19c-e3d4492fb78d,8ffaa586-036a-4527-a855-929c22215dbd,0,
62600630,null,6,62600630,2024-01-17 13:09:48.371,2024-01-17 13:09:48.371,2,20,HB_06,sLWoup9uSz,com.sec.android.app.shealth,0,fd3f09e9-5025-4eba-a19c-e3d4492fb78d,eb868a26-7ce0-4d8a-b7a3-5bd5a6371648,0,
62600630,null,8,62600630,2024-01-17 13:09:48.371,2024-01-17 13:09:48.371,2,20,HB_08,sLWoup9uSz,com.sec.android.app.shealth,0,fd3f09e9-5025-4eba-a19c-e3d4492fb78d,2f5b55aa-1beb-4521-9c0f-818c70c9e4b4,0,
62600630,null,9,62600630,2024-01-17 13:09:48.371,2024-01-17 13:09:48.371,2,20,HB_09,sLWoup9uSz,com.sec.android.app.shealth,0,fd3f09e9-5025-4eba-a19c-e3d4492fb78d,e9aa2dba-8e9e-43c0-a814-9a3647f0d791,0,
